ID_Pelanggan,Nama,Jenis_Kelamin,Pendapatan,Produk,Harga,Jumlah,Total
1,Arif,1,600000,A,100000,4,400000
2,Dian,2,1200000,D,250000,4,1000000
3,Dinda,2,950000,D,250000,3,750000
4,Fajar,1,400000,A,100000,2,200000
5,Ika,2,1200000,D,250000,4,1000000
6,Ilham,1,800000,B,150000,4,600000
7,Indra,1,950000,B,150000,5,750000
8,Kartika,2,1100000,E,300000,3,900000
9,Lestari,2,800000,E,300000,2,600000
10,Lia,2,1700000,E,300000,5,1500000
11,Maria,2,600000,A,100000,4,400000
12,Maya,2,950000,B,150000,5,750000
13,Mila,2,400000,C,200000,1,200000
14,Nurul,2,6450000,D,250000,5,1250000
15,Retno,2,1000000,C,200000,4,800000
16,Rini,2,800000,B,150000,4,600000
17,Rizki,1,1200000,C,200000,5,1000000
18,Sari,2,700000,D,250000,2,500000
19,Tyas,2,600000,A,100000,4,400000
20,Wahyu,1,800000,C,200000,3,600000